Time,T01_TEMP,T02_TEMP,T03_TEMP,T04_TEMP,T05_TEMP,T06_TEMP,T07_TEMP,T08_TEMP,T09_TEMP,Text,T01_Wh,T02_Wh,T03_Wh,T04_Wh,T05_Wh,T06_Wh,T07_Wh,T08_Wh,T09_Wh,GHI
2019-03-30 00:00:00,17.786,18.351,19.061,19.091,19.214,18.784,19.581,19.188,19.963,-6.04781981132075,0.0,1.0,1.0,4.0,6.0,2.0,2.0,2.0,2.0,0.0
2019-03-30 01:00:00,17.394,17.925,18.571,18.596,18.803,17.706,19.052,18.727,19.381,-6.4886254716981,82.0,2.0,2.0,4.0,7.0,2.0,2.0,2.0,2.0,0.0
2019-03-30 02:00:00,17.389,17.613,18.063,18.095,18.339,17.974,18.444,18.237,18.902,-6.68004622641509,415.0,35.0,2.0,4.0,7.0,2.0,2.0,2.0,2.0,0.0
2019-03-30 03:00:00,17.54,17.567,17.588,17.642,17.915,16.647,17.877,17.759,18.408,-6.18693962264151,497.0,123.0,2.0,42.0,7.0,2.0,2.0,25.0,2.0,0.0
2019-03-30 04:00:00,17.667,17.603,17.278,17.337,17.573,17.612,17.376,17.482,18.001,-3.77902654028436,432.0,304.0,2.0,206.0,6.0,92.0,157.0,178.0,2.0,0.0
2019-03-30 05:00:00,17.568,17.686,17.295,17.332,17.472,17.29,17.336,17.494,17.801,-3.60637380952381,1185.0,1151.0,556.0,647.0,940.0,540.0,628.0,594.0,400.0,0.0
2019-03-30 06:00:00,19.534,19.347,20.609,19.465,19.854,19.748,20.609,20.355,20.131,-3.61002118226601,1926.0,1892.0,383.0,485.0,1160.0,492.0,683.0,546.0,253.0,44.17847084290083
2019-03-30 07:00:00,20.973,20.868,20.294,19.92,20.425,21.054,20.453,20.505,20.03,-2.93086748768473,1109.0,1569.0,95.0,308.0,561.0,332.0,427.0,362.0,119.0,140.7268804846154
2019-03-30 08:00:00,20.732,21.133,20.165,20.163,20.333,20.599,20.397,20.579,20.156,-1.89517268292682,870.0,1095.0,2.0,259.0,286.0,311.0,306.0,294.0,17.0,190.2995358782695
2019-03-30 09:00:00,20.693,20.855,20.097,20.205,20.178,20.515,20.409,20.532,20.031,-0.942863285024155,866.0,1257.0,2.0,293.0,46.0,312.0,262.0,280.0,3.0,135.801156171652
2019-03-30 10:00:00,20.664,21.077,20.131,20.239,20.178,20.693,20.255,20.589,20.051,-0.964027884615384,819.0,981.0,3.0,310.0,57.0,277.0,271.0,265.0,3.0,115.058399058325
2019-03-30 11:00:00,20.632,20.966,20.001,20.207,20.048,20.345,20.214,20.556,19.98,-1.81339326923076,838.0,886.0,2.0,350.0,44.0,258.0,261.0,263.0,2.0,101.7918828388387
2019-03-30 12:00:00,20.637,20.879,20.059,20.285,20.103,20.352,20.31,20.588,20.066,-2.32105528846154,860.0,860.0,2.0,378.0,34.0,240.0,260.0,252.0,3.0,88.2896458217344
2019-03-30 13:00:00,20.684,20.925,20.12,20.336,20.149,20.874,20.205,20.554,20.139,-2.13315096153846,840.0,850.0,3.0,369.0,42.0,225.0,251.0,242.0,2.0,99.0822650304123
2019-03-30 14:00:00,20.669,20.89,20.056,20.331,20.169,20.344,20.258,20.514,20.019,-1.73708942307692,843.0,857.0,4.0,389.0,29.0,240.0,260.0,256.0,3.0,46.60718184157353
2019-03-30 15:00:00,20.625,20.863,19.921,20.251,19.953,20.454,20.265,20.54,19.992,-1.13203798076923,821.0,842.0,7.0,403.0,58.0,246.0,264.0,261.0,2.0,24.5453245508869
2019-03-30 16:00:00,20.632,20.841,19.972,20.258,20.002,20.571,20.202,20.541,20.044,-0.64551875,837.0,1004.0,3.0,429.0,40.0,307.0,259.0,265.0,3.0,9.85599004660725
2019-03-30 17:00:00,20.67,20.803,19.99,20.312,20.046,20.653,20.274,20.473,19.976,-0.335330769230769,699.0,1115.0,2.0,404.0,39.0,264.0,257.0,266.0,17.0,5.379396913483356
2019-03-30 18:00:00,20.532,20.985,19.97,20.369,20.037,20.707,20.247,20.461,19.966,-0.0523336538461539,716.0,876.0,76.0,407.0,16.0,244.0,257.0,249.0,94.0,0.0
2019-03-30 19:00:00,20.5,20.852,20.141,20.365,20.067,20.226,20.268,20.441,20.069,0.126660576923077,761.0,831.0,92.0,377.0,14.0,231.0,240.0,252.0,53.0,0.0
2019-03-30 20:00:00,20.553,20.843,20.062,20.36,20.055,20.523,20.241,20.425,20.095,0.2015,768.0,826.0,102.0,362.0,16.0,225.0,243.0,258.0,60.0,0.0
2019-03-30 21:00:00,20.58,20.836,20.113,20.368,20.221,20.507,20.256,20.485,20.131,0.214849519230769,772.0,836.0,93.0,383.0,15.0,222.0,244.0,245.0,19.0,0.0
2019-03-30 22:00:00,20.633,20.893,20.164,20.422,20.253,20.529,20.187,20.507,20.051,0.246487559808612,1.0,1.0,2.0,5.0,7.0,4.0,3.0,2.0,2.0,0.0
2019-03-30 23:00:00,18.961,19.441,19.424,19.677,19.584,18.973,19.344,19.384,19.6,0.267185308056872,0.0,1.0,2.0,4.0,6.0,2.0,2.0,2.0,2.0,0.0
2019-03-31 00:00:00,18.37,18.827,18.907,19.153,19.114,18.657,18.849,18.977,19.24,0.330560663507109,1.0,2.0,2.0,3.0,7.0,2.0,2.0,2.0,2.0,0.0
2019-03-31 01:00:00,17.945,18.378,18.525,18.712,18.749,18.508,18.459,18.567,18.924,0.431524056603773,0.0,1.0,2.0,4.0,6.0,2.0,1.0,2.0,2.0,0.0
2019-03-31 02:00:00,17.539,18.006,18.178,18.331,18.469,17.735,18.077,18.229,18.601,0.574935071090047,1.0,1.0,2.0,4.0,7.0,2.0,2.0,2.0,2.0,0.0
2019-03-31 03:00:00,17.27,17.666,17.826,17.988,18.16,17.866,17.76,17.883,18.291,0.695202358490565,111.0,2.0,2.0,4.0,6.0,2.0,2.0,2.0,2.0,0.0
2019-03-31 04:00:00,17.326,17.481,17.557,17.628,17.874,16.727,17.381,17.585,17.974,0.80251037735849,275.0,96.0,1.0,15.0,7.0,2.0,58.0,39.0,2.0,0.0
2019-03-31 05:00:00,17.38,17.496,17.338,17.328,17.697,17.18,17.296,17.416,17.788,1.20271603773585,1137.0,1013.0,593.0,503.0,931.0,428.0,577.0,543.0,378.0,0.0
2019-03-31 06:00:00,19.483,19.21,20.449,19.29,19.976,20.869,20.269,20.252,19.868,1.18662610837438,1843.0,1888.0,360.0,354.0,1153.0,440.0,596.0,471.0,203.0,14.452654458355845
2019-03-31 07:00:00,21.017,20.853,20.183,19.816,20.387,20.211,20.393,20.393,19.874,1.36916534653465,940.0,1505.0,67.0,310.0,465.0,328.0,413.0,309.0,114.0,15.61655064011809
2019-03-31 08:00:00,20.613,21.051,19.954,19.945,20.25,20.007,20.312,20.408,20.031,1.00208883495145,834.0,1062.0,6.0,345.0,101.0,317.0,304.0,272.0,37.0,26.86271193645819
2019-03-31 09:00:00,20.587,20.766,19.907,20.05,20.05,20.071,20.229,20.467,20.123,1.10262163461538,801.0,1230.0,4.0,368.0,37.0,295.0,246.0,254.0,3.0,69.63530451015271
2019-03-31 10:00:00,20.596,21.053,20.135,20.241,20.133,20.328,20.207,20.463,20.062,0.854330143540669,738.0,906.0,2.0,307.0,32.0,236.0,223.0,240.0,2.0,90.6410409858166
2019-03-31 11:00:00,20.546,20.89,20.106,20.29,20.189,20.117,20.223,20.516,20.211,-0.336132692307692,775.0,807.0,2.0,254.0,19.0,208.0,211.0,217.0,3.0,149.097373686418
2019-03-31 12:00:00,20.571,20.81,20.124,20.385,20.07,20.741,20.168,20.515,20.065,-1.48944,752.0,790.0,3.0,162.0,21.0,184.0,203.0,203.0,2.0,188.2938760543767
2019-03-31 13:00:00,20.565,20.819,20.166,20.331,20.085,20.354,20.211,20.563,20.251,-0.504991943127962,729.0,777.0,2.0,91.0,20.0,166.0,188.0,185.0,3.0,216.5245352556893
2019-03-31 14:00:00,20.635,20.817,20.275,20.351,20.12,20.208,20.203,20.586,20.301,0.590674056603773,710.0,737.0,2.0,72.0,21.0,155.0,175.0,186.0,2.0,232.4359592857843
2019-03-31 15:00:00,20.537,20.756,20.096,20.177,20.094,20.083,20.162,20.462,20.137,0.833492380952381,728.0,745.0,21.0,124.0,15.0,177.0,202.0,217.0,3.0,107.4291998258796
2019-03-31 16:00:00,20.577,20.808,20.032,20.131,20.104,20.816,20.117,20.444,20.122,0.708064761904762,805.0,888.0,41.0,233.0,26.0,270.0,221.0,213.0,2.0,50.19882452182646
2019-03-31 17:00:00,20.643,20.757,20.068,20.201,20.088,20.595,20.202,20.445,20.024,0.408454761904761,674.0,1066.0,18.0,254.0,34.0,236.0,225.0,240.0,3.0,24.70074488273173
2019-03-31 18:00:00,20.532,20.96,19.946,20.199,20.081,20.574,20.195,20.507,20.17,0.302938755980861,680.0,835.0,113.0,292.0,12.0,236.0,247.0,245.0,2.0,0.8138938058970309
2019-03-31 19:00:00,20.536,20.839,20.072,20.247,20.102,20.392,20.193,20.427,20.048,-0.0547598086124407,745.0,792.0,114.0,290.0,12.0,224.0,246.0,244.0,65.0,0.0
2019-03-31 20:00:00,20.55,20.823,20.152,20.25,20.189,20.475,20.254,20.461,20.003,-0.235844230769231,774.0,789.0,143.0,309.0,15.0,226.0,241.0,254.0,50.0,0.0
2019-03-31 21:00:00,20.582,20.848,20.233,20.262,20.243,20.767,20.194,20.452,20.056,-0.702920673076923,783.0,797.0,149.0,299.0,14.0,227.0,252.0,253.0,54.0,0.0
2019-03-31 22:00:00,20.599,20.835,20.198,20.238,20.107,20.221,20.23,20.481,20.147,-1.49720143540669,0.0,2.0,3.0,5.0,7.0,3.0,3.0,2.0,2.0,0.0
2019-03-31 23:00:00,18.97,19.393,19.265,19.459,19.405,19.323,19.249,19.377,19.613,-2.38289383886255,1.0,1.0,2.0,3.0,6.0,2.0,2.0,2.0,2.0,0.0
2019-04-01 00:00:00,18.327,18.73,18.75,18.937,18.991,18.769,18.673,18.773,19.042,-3.45148490566037,0.0,1.0,2.0,4.0,7.0,3.0,2.0,2.0,2.0,0.0
2019-04-01 01:00:00,17.841,18.245,18.272,18.434,18.547,18.635,18.249,18.37,18.719,-4.59796603773585,1.0,2.0,2.0,4.0,6.0,2.0,1.0,2.0,2.0,0.0
2019-04-01 02:00:00,17.426,17.834,17.841,17.925,18.134,17.413,17.779,17.836,18.269,-5.92461327014218,102.0,11.0,2.0,4.0,7.0,2.0,10.0,2.0,2.0,0.0
2019-04-01 03:00:00,17.367,17.601,17.43,17.401,17.814,17.203,17.275,17.41,17.821,-7.18587867298578,324.0,165.0,1.0,176.0,7.0,74.0,194.0,159.0,2.0,0.0
2019-04-01 04:00:00,17.436,17.598,17.184,17.29,17.482,16.993,17.29,17.433,17.623,-8.33632476190475,396.0,334.0,2.0,343.0,6.0,206.0,242.0,191.0,2.0,0.0
2019-04-01 05:00:00,17.475,17.674,17.089,17.281,17.316,17.563,17.33,17.426,17.563,-9.24991866028707,1209.0,1180.0,571.0,753.0,956.0,568.0,698.0,637.0,434.0,0.0
2019-04-01 06:00:00,19.35,19.264,20.454,19.386,20.004,20.978,20.402,20.321,20.026,-10.0661421568627,1003.0,950.0,326.0,319.0,784.0,309.0,439.0,329.0,222.0,17.59081695829366
2019-04-01 07:00:00,18.354,18.73,18.595,18.625,18.846,17.812,18.69,18.762,18.971,-10.0123056603773,1.0,2.0,3.0,4.0,7.0,3.0,2.0,2.0,2.0,154.03216873283253
2019-04-01 08:00:00,17.482,17.957,18.069,18.098,18.084,17.08,17.921,18.071,18.342,-8.47435348837209,108.0,28.0,2.0,5.0,9.0,3.0,3.0,3.0,3.0,476.398097170956
2019-04-01 09:00:00,17.388,17.612,18.283,18.057,17.912,17.059,17.477,17.694,18.018,-6.89151285714285,242.0,190.0,2.0,5.0,8.0,45.0,2.0,70.0,3.0,636.753149233153
2019-04-01 10:00:00,17.47,17.63,18.288,18.165,17.857,17.237,17.309,17.68,18.01,-5.12176333333333,54.0,263.0,3.0,5.0,9.0,122.0,2.0,81.0,2.0,760.301357535373
2019-04-01 11:00:00,17.271,17.756,18.51,18.004,17.898,17.508,17.232,17.739,18.022,-2.30176142857143,34.0,166.0,2.0,5.0,9.0,16.0,3.0,4.0,3.0,824.896423673468
2019-04-01 12:00:00,17.24,17.612,18.86,17.994,17.886,17.148,17.316,18.004,18.482,-1.14399099526066,168.0,59.0,3.0,5.0,8.0,3.0,2.0,3.0,3.0,798.224765652813
2019-04-01 13:00:00,17.364,17.512,19.127,18.207,17.969,16.753,17.496,18.612,19.107,0.141638862559241,388.0,7.0,2.0,4.0,9.0,2.0,3.0,3.0,2.0,701.820534906087
2019-04-01 14:00:00,17.564,17.525,19.006,18.354,18.029,17.416,17.777,18.658,19.184,0.623286666666666,416.0,1.0,2.0,5.0,8.0,3.0,2.0,2.0,3.0,484.3166735474014
2019-04-01 15:00:00,17.54,17.476,19.142,18.475,18.205,18.477,17.884,18.73,19.212,1.82230334928229,377.0,1.0,3.0,5.0,13.0,3.0,2.0,3.0,2.0,320.0254155231541
2019-04-01 16:00:00,17.485,17.35,18.94,18.266,18.15,17.011,17.872,18.625,19.174,0.951415165876776,2002.0,1906.0,265.0,484.0,1095.0,653.0,733.0,561.0,169.0,202.9109182730841
2019-04-01 17:00:00,20.884,20.191,20.925,19.914,20.421,21.403,20.554,20.965,20.591,1.26174630541872,1335.0,1910.0,2.0,142.0,464.0,387.0,378.0,128.0,3.0,132.8347658159256
2019-04-01 18:00:00,20.88,21.107,20.304,19.8,20.324,20.778,20.365,20.328,20.493,0.230492307692307,834.0,1397.0,2.0,257.0,122.0,352.0,375.0,266.0,2.0,0.0
2019-04-01 19:00:00,20.576,21.083,20.171,20.001,20.222,20.78,20.411,20.416,20.244,-1.19436811594202,899.0,1093.0,2.0,393.0,9.0,309.0,299.0,300.0,2.0,0.0
2019-04-01 20:00:00,20.647,20.972,20.129,20.144,20.193,20.68,20.336,20.506,20.272,-1.86118888888888,907.0,1039.0,12.0,386.0,8.0,292.0,291.0,285.0,2.0,0.0
2019-04-01 21:00:00,20.69,20.971,20.044,20.142,20.206,20.703,20.27,20.496,20.233,-2.85700724637681,895.0,1016.0,107.0,377.0,8.0,281.0,288.0,284.0,2.0,0.0
2019-04-01 22:00:00,20.729,20.997,20.293,20.224,20.381,20.672,20.325,20.512,20.16,-2.9596485576923,1.0,1.0,2.0,5.0,9.0,3.0,3.0,2.0,2.0,0.0
2019-04-01 23:00:00,18.833,19.313,19.261,19.416,19.588,18.992,19.22,19.378,19.575,-3.50519009433962,0.0,1.0,2.0,3.0,8.0,2.0,2.0,2.0,2.0,0.0
2019-04-02 00:00:00,18.09,18.582,18.683,18.846,19.168,18.496,18.669,18.834,19.151,-3.81457122641509,1.0,2.0,2.0,4.0,8.0,2.0,2.0,2.0,2.0,0.0
2019-04-02 01:00:00,17.593,18.06,18.25,18.341,18.762,18.032,18.201,18.322,18.738,-4.59168537735849,31.0,1.0,2.0,4.0,9.0,2.0,1.0,2.0,2.0,0.0
2019-04-02 02:00:00,17.365,17.662,17.835,17.901,18.351,17.627,17.763,17.893,18.343,-5.06054407582938,340.0,50.0,2.0,4.0,8.0,2.0,2.0,2.0,2.0,0.0
2019-04-02 03:00:00,17.487,17.551,17.425,17.474,17.932,17.171,17.286,17.409,17.827,-5.18870047169811,500.0,189.0,1.0,127.0,9.0,62.0,191.0,135.0,2.0,0.0
2019-04-02 04:00:00,17.632,17.632,17.325,17.338,17.83,17.312,17.362,17.453,17.667,-5.45950619047619,489.0,341.0,2.0,241.0,8.0,197.0,243.0,183.0,2.0,0.0
2019-04-02 05:00:00,17.584,17.695,17.107,17.281,17.621,17.477,17.307,17.428,17.507,-6.44065550239234,1220.0,1191.0,617.0,657.0,826.0,569.0,679.0,605.0,423.0,0.0
2019-04-02 06:00:00,19.52,19.301,20.557,19.329,19.979,21.064,20.373,20.314,20.023,-6.36805320197044,997.0,945.0,462.0,269.0,675.0,277.0,414.0,304.0,198.0,51.67670603608906
2019-04-02 07:00:00,18.419,18.798,18.894,18.968,19.137,18.74,18.824,18.959,19.173,-4.55411462264151,1.0,1.0,3.0,5.0,8.0,3.0,3.0,2.0,3.0,187.4248536229021
2019-04-02 08:00:00,17.592,18.042,18.499,18.577,18.713,17.997,18.15,18.31,18.622,-1.88721860465116,43.0,7.0,2.0,5.0,9.0,3.0,2.0,3.0,2.0,299.0709480166805
2019-04-02 09:00:00,17.345,17.523,18.244,18.406,18.342,17.53,17.78,17.967,18.383,-0.69551168224299,189.0,115.0,3.0,4.0,9.0,2.0,2.0,2.0,3.0,395.6720139429079
2019-04-02 10:00:00,17.402,17.619,18.455,18.389,18.554,17.478,17.623,17.872,18.268,0.186286666666666,227.0,119.0,2.0,5.0,8.0,3.0,3.0,3.0,2.0,477.8493681429141
2019-04-02 11:00:00,17.434,17.535,18.472,18.502,18.295,17.44,17.627,17.772,18.222,1.57097095238095,213.0,76.0,2.0,5.0,9.0,3.0,2.0,2.0,3.0,644.522860819386
2019-04-02 12:00:00,17.428,17.485,19.098,18.628,18.454,17.537,17.756,18.218,18.762,3.39852085308057,183.0,77.0,3.0,5.0,8.0,3.0,2.0,3.0,3.0,607.251808544579
2019-04-02 13:00:00,17.403,17.513,18.931,18.68,18.478,17.786,17.742,18.185,18.618,3.0962519047619,246.0,141.0,2.0,5.0,9.0,2.0,3.0,2.0,2.0,372.34725419262577
2019-04-02 14:00:00,17.459,17.548,18.946,18.629,18.464,17.57,17.693,18.18,18.608,3.91044170616113,251.0,147.0,2.0,4.0,9.0,3.0,2.0,3.0,3.0,383.320016114941
2019-04-02 15:00:00,17.445,17.58,18.732,18.51,18.415,18.026,17.711,18.073,18.486,4.8038616113744,270.0,205.0,3.0,5.0,8.0,3.0,2.0,2.0,2.0,201.0472880692966
2019-04-02 16:00:00,17.462,17.563,18.236,18.246,18.332,17.135,17.44,17.661,18.151,4.13063222748815,1997.0,1894.0,599.0,448.0,1376.0,631.0,762.0,717.0,391.0,96.7388757088687
2019-04-02 17:00:00,20.753,20.202,20.329,19.751,20.7,20.919,20.553,20.462,19.94,4.17976323529411,1414.0,1884.0,76.0,198.0,613.0,381.0,428.0,374.0,77.0,32.40627070847609
2019-04-02 18:00:00,20.912,21.089,20.066,19.845,20.47,20.819,20.406,20.5,20.096,3.79002156862745,860.0,1357.0,2.0,275.0,133.0,310.0,318.0,275.0,50.0,0.0
2019-04-02 19:00:00,20.602,21.057,20.049,20.044,20.263,20.748,20.438,20.512,20.103,1.50003188405797,894.0,1039.0,2.0,342.0,9.0,278.0,277.0,253.0,2.0,0.0
2019-04-02 20:00:00,20.635,20.972,19.955,20.191,20.267,20.625,20.362,20.539,19.892,1.99947536231884,892.0,988.0,44.0,324.0,8.0,253.0,260.0,239.0,2.0,0.0
2019-04-02 21:00:00,20.65,20.958,20.179,20.214,20.3,20.568,20.263,20.492,20.091,0.331688405797101,852.0,962.0,27.0,304.0,8.0,233.0,250.0,230.0,2.0,0.0
2019-04-02 22:00:00,20.643,20.896,20.072,20.239,20.303,20.458,20.203,20.412,20.102,-0.0952322115384616,0.0,1.0,3.0,5.0,8.0,3.0,3.0,2.0,2.0,0.0
2019-04-02 23:00:00,18.873,19.368,19.413,19.607,19.735,19.037,19.342,19.551,19.667,-0.367331753554502,1.0,1.0,1.0,4.0,9.0,2.0,1.0,1.0,2.0,0.0
2019-04-03 00:00:00,18.181,18.614,18.997,19.11,19.57,18.915,18.903,19.102,19.319,-0.511201886792452,0.0,1.0,2.0,3.0,8.0,2.0,2.0,2.0,2.0,0.0
2019-04-03 01:00:00,17.666,18.082,18.656,18.698,19.175,18.414,18.495,18.64,18.99,-0.894618483412321,1.0,1.0,2.0,4.0,9.0,2.0,2.0,2.0,2.0,0.0
2019-04-03 02:00:00,17.273,17.654,18.213,18.331,18.7,18.01,18.135,18.31,18.681,-0.563929383886255,167.0,1.0,2.0,4.0,8.0,2.0,2.0,2.0,2.0,0.0
2019-04-03 03:00:00,17.377,17.508,17.858,17.977,18.343,17.647,17.809,17.952,18.39,-0.948010849056604,443.0,36.0,2.0,4.0,9.0,2.0,2.0,2.0,2.0,0.0
2019-04-03 04:00:00,17.548,17.472,17.511,17.625,18.053,17.373,17.454,17.639,18.067,-0.838589622641509,425.0,198.0,2.0,4.0,8.0,2.0,50.0,23.0,2.0,0.0
2019-04-03 05:00:00,17.549,17.578,17.303,17.343,17.842,17.07,17.237,17.416,17.785,-0.855589573459715,1192.0,1095.0,589.0,499.0,808.0,444.0,627.0,532.0,375.0,0.0
2019-04-03 06:00:00,19.596,19.276,20.493,19.391,19.979,20.983,20.405,20.179,19.889,-1.71226009852216,1011.0,957.0,306.0,224.0,593.0,258.0,383.0,269.0,150.0,45.59942373444586
2019-04-03 07:00:00,18.582,18.899,18.965,19.031,19.302,18.872,18.98,19.199,19.394,-0.619596226415094,1.0,1.0,2.0,4.0,8.0,3.0,2.0,2.0,3.0,147.358729329516
2019-04-03 08:00:00,17.702,18.113,18.693,18.78,18.851,18.224,18.393,18.58,18.848,2.00940473933649,238.0,43.0,2.0,5.0,9.0,3.0,3.0,3.0,2.0,297.5811837579735
2019-04-03 09:00:00,17.888,17.991,19.106,18.897,18.784,17.869,18.127,18.297,18.7,3.58115714285714,399.0,168.0,3.0,4.0,8.0,3.0,2.0,3.0,3.0,523.7230258360927
2019-04-03 10:00:00,18.05,18.041,18.975,18.987,18.748,17.924,18.165,18.347,18.733,5.73582571428571,96.0,251.0,2.0,5.0,9.0,2.0,2.0,2.0,2.0,455.0662937525621
2019-04-03 11:00:00,17.791,18.062,19.509,19.163,18.941,18.188,18.307,18.557,19.079,6.85055238095238,154.0,270.0,3.0,5.0,8.0,3.0,3.0,3.0,3.0,448.3614925533759
2019-04-03 12:00:00,17.775,18.117,18.849,18.829,18.792,17.918,18.12,18.25,18.666,5.29017264150943,295.0,209.0,2.0,5.0,9.0,3.0,2.0,2.0,3.0,287.7438194991104
2019-04-03 13:00:00,17.886,18.076,18.954,18.831,18.73,17.802,18.171,18.343,18.813,6.18514741784037,416.0,118.0,2.0,5.0,9.0,2.0,2.0,3.0,2.0,362.4741672447831
2019-04-03 14:00:00,18.04,18.028,18.928,18.869,18.753,17.372,18.174,18.319,18.875,6.38336244131455,381.0,145.0,3.0,4.0,8.0,3.0,2.0,2.0,3.0,296.6056716668205
2019-04-03 15:00:00,17.999,18.036,18.982,18.844,18.763,18.602,18.169,18.402,18.917,4.92383333333333,361.0,198.0,2.0,5.0,9.0,3.0,3.0,3.0,2.0,197.765392112685
2019-04-03 16:00:00,17.981,18.018,19.802,18.838,18.907,18.316,18.213,19.372,19.473,5.77352816901408,1908.0,1907.0,17.0,177.0,561.0,533.0,603.0,318.0,56.0,380.85706954201953
2019-04-03 17:00:00,20.944,20.75,20.934,19.771,20.287,20.471,20.357,20.869,20.731,7.46469801980198,963.0,1334.0,2.0,5.0,342.0,309.0,343.0,38.0,2.0,147.4083408941726
2019-04-03 18:00:00,20.643,20.98,20.283,19.609,20.273,21.343,20.342,20.295,20.394,4.52444903846153,814.0,725.0,2.0,133.0,558.0,259.0,262.0,167.0,2.0,1.16640238271434
2019-04-03 19:00:00,20.588,20.849,20.154,19.77,20.287,20.654,20.303,20.379,20.123,1.90325507246376,911.0,621.0,2.0,138.0,444.0,229.0,228.0,195.0,2.0,0.0
2019-04-03 20:00:00,20.626,20.709,20.04,19.803,20.3,20.759,20.34,20.385,20.124,1.11247536231884,904.0,650.0,2.0,228.0,310.0,225.0,237.0,199.0,2.0,0.0
2019-04-03 21:00:00,20.65,20.741,20.008,19.93,20.284,20.962,20.288,20.365,20.271,-0.0641570048309179,877.0,659.0,2.0,337.0,62.0,234.0,225.0,261.0,2.0,0.0
2019-04-03 22:00:00,20.712,20.807,19.966,20.013,20.104,20.253,20.197,20.477,20.088,-0.416765700483091,1.0,1.0,2.0,5.0,8.0,3.0,3.0,2.0,2.0,0.0
2019-04-03 23:00:00,18.867,19.261,19.32,19.406,19.586,19.071,19.278,19.416,19.593,-1.29240094339622,0.0,1.0,2.0,4.0,8.0,2.0,2.0,2.0,2.0,0.0
2019-04-04 00:00:00,18.179,18.602,18.911,18.975,19.314,18.33,18.795,18.891,19.307,-1.86359004739336,1.0,1.0,1.0,3.0,8.0,2.0,2.0,2.0,2.0,0.0
2019-04-04 01:00:00,17.648,18.044,18.575,18.543,18.981,18.391,18.361,18.459,18.875,-2.32056966824644,0.0,1.0,2.0,4.0,9.0,2.0,2.0,2.0,2.0,0.0
2019-04-04 02:00:00,17.236,17.718,18.036,18.036,18.445,17.865,17.946,18.015,18.475,-2.92039198113207,233.0,1.0,2.0,4.0,8.0,3.0,1.0,2.0,2.0,0.0
2019-04-04 03:00:00,17.431,17.497,17.72,17.732,18.229,17.306,17.527,17.633,18.093,-3.48037914691943,507.0,28.0,2.0,23.0,9.0,2.0,54.0,55.0,2.0,0.0
2019-04-04 04:00:00,17.583,17.46,17.341,17.361,17.885,17.056,17.322,17.433,17.718,-4.11770142857142,503.0,149.0,2.0,153.0,9.0,119.0,224.0,177.0,2.0,0.0
2019-04-04 05:00:00,17.623,17.574,17.202,17.236,17.544,17.331,17.309,17.442,17.602,-4.88102714285714,1253.0,1054.0,581.0,639.0,720.0,552.0,674.0,604.0,422.0,0.0
2019-04-04 06:00:00,19.665,19.434,20.688,19.143,19.871,20.978,20.331,20.233,19.884,-6.01629705882353,1004.0,951.0,354.0,309.0,586.0,303.0,408.0,341.0,215.0,54.19655585490496
2019-04-04 07:00:00,18.5,18.936,18.578,18.745,18.888,18.551,18.748,18.979,19.127,-5.5585676056338,33.0,1.0,2.0,4.0,9.0,3.0,2.0,2.0,3.0,181.7993356809991
2019-04-04 08:00:00,17.836,18.077,18.343,18.4,18.375,17.808,18.044,18.209,18.512,-4.65722594339622,425.0,81.0,3.0,5.0,8.0,35.0,19.0,48.0,2.0,398.4558004220698
2019-04-04 09:00:00,18.028,18.031,18.666,18.363,18.388,17.631,17.823,18.056,18.288,-3.76408086124401,533.0,248.0,2.0,5.0,8.0,169.0,80.0,155.0,3.0,616.3857080743289
2019-04-04 10:00:00,18.198,18.156,18.682,18.552,18.338,17.933,17.82,18.128,18.327,-2.840175,226.0,226.0,2.0,5.0,9.0,104.0,52.0,114.0,2.0,714.094112884003
2019-04-04 11:00:00,18.011,18.092,18.784,18.487,18.305,17.964,17.846,18.276,18.471,-1.33090239234449,115.0,254.0,3.0,4.0,9.0,34.0,2.0,4.0,3.0,801.886012681756
2019-04-04 12:00:00,17.867,18.14,19.238,18.459,18.468,17.794,17.811,18.476,18.881,-0.0510770334928229,241.0,200.0,2.0,5.0,8.0,2.0,3.0,3.0,3.0,829.295805621776
2019-04-04 13:00:00,17.932,18.097,19.694,18.683,18.653,18.151,18.008,19.184,19.725,0.650868269230769,522.0,31.0,2.0,5.0,9.0,3.0,2.0,2.0,2.0,791.960324729562
2019-04-04 14:00:00,18.15,18.031,20.244,18.933,18.933,18.386,18.275,20.091,20.462,1.12378309178743,551.0,1.0,3.0,5.0,8.0,3.0,2.0,3.0,3.0,664.733812934457
2019-04-04 15:00:00,18.177,18.012,20.511,19.111,19.106,18.688,18.614,20.474,20.634,1.13576811594202,528.0,1.0,2.0,4.0,9.0,2.0,3.0,2.0,2.0,477.7543302149981
2019-04-04 16:00:00,18.186,17.959,20.585,19.276,19.274,18.933,18.81,20.638,20.886,0.230458173076923,1947.0,1914.0,3.0,51.0,804.0,533.0,526.0,56.0,3.0,311.1964922087321
2019-04-04 17:00:00,21.022,20.899,21.098,19.73,20.468,20.921,20.496,20.894,21.273,-0.301723414634146,1034.0,1294.0,2.0,5.0,711.0,304.0,279.0,2.0,2.0,134.172955906589
2019-04-04 18:00:00,20.736,21.016,20.422,19.652,20.269,20.719,20.352,20.271,20.997,-1.73363701923076,872.0,777.0,2.0,119.0,873.0,261.0,282.0,132.0,3.0,2.338406966842042
2019-04-04 19:00:00,20.664,20.851,20.321,19.74,20.436,20.707,20.432,20.422,20.705,-3.03174320388349,981.0,721.0,2.0,172.0,858.0,162.0,267.0,211.0,2.0,0.0
2019-04-04 20:00:00,20.726,20.839,20.325,19.825,20.583,20.504,20.406,20.462,20.418,-3.62108203883495,948.0,698.0,2.0,181.0,678.0,168.0,269.0,204.0,2.0,0.0
2019-04-04 21:00:00,20.75,20.861,20.162,19.843,20.694,20.471,20.397,20.522,20.517,-4.14774347826086,938.0,692.0,26.0,218.0,402.0,277.0,312.0,190.0,2.0,0.0
2019-04-04 22:00:00,20.726,20.834,20.165,19.894,20.559,20.725,20.396,20.408,20.319,-5.00603203883495,1.0,1.0,2.0,5.0,8.0,3.0,3.0,2.0,2.0,0.0
2019-04-04 23:00:00,18.743,19.221,19.256,19.215,19.756,19.038,19.271,19.382,19.744,-5.50722688679245,0.0,1.0,2.0,4.0,8.0,2.0,2.0,2.0,2.0,0.0
2019-04-05 00:00:00,18.033,18.483,18.659,18.659,19.095,18.507,18.708,18.794,19.284,-7.3554037735849,1.0,1.0,2.0,3.0,9.0,2.0,2.0,2.0,2.0,0.0
2019-04-05 01:00:00,17.472,17.925,18.191,18.179,18.648,18.024,18.194,18.342,18.782,-9.47928396226415,143.0,1.0,2.0,4.0,8.0,3.0,2.0,2.0,2.0,0.0
2019-04-05 02:00:00,17.428,17.549,17.673,17.663,18.177,17.619,17.663,17.816,18.32,-10.1649895734597,505.0,54.0,1.0,67.0,9.0,13.0,65.0,30.0,2.0,0.0
2019-04-05 03:00:00,17.64,17.539,17.413,17.255,17.747,17.262,17.353,17.39,17.892,-9.61440047619047,578.0,174.0,2.0,323.0,8.0,161.0,276.0,190.0,2.0,0.0
2019-04-05 04:00:00,17.695,17.611,17.363,17.302,17.639,17.56,17.366,17.479,17.701,-10.1754593301435,548.0,271.0,2.0,484.0,9.0,255.0,283.0,203.0,2.0,0.0
2019-04-05 05:00:00,17.654,17.669,17.174,17.371,17.363,17.575,17.366,17.452,17.469,-11.7111821256038,1254.0,1126.0,566.0,823.0,774.0,599.0,728.0,646.0,449.0,0.0
2019-04-05 06:00:00,19.448,19.438,20.546,19.262,19.86,21.129,20.432,20.3,19.958,-12.3098679802955,999.0,947.0,332.0,357.0,748.0,334.0,456.0,347.0,248.0,25.4468215178886
2019-04-05 07:00:00,18.384,18.869,18.479,18.595,18.644,18.558,18.624,18.858,19.015,-10.2387537735849,150.0,1.0,3.0,5.0,9.0,2.0,3.0,3.0,2.0,180.2993978315692
2019-04-05 08:00:00,17.943,18.071,18.202,18.222,18.344,17.929,17.922,18.057,18.34,-6.53175283018868,658.0,141.0,2.0,5.0,9.0,120.0,103.0,167.0,3.0,489.162444073217
2019-04-05 09:00:00,18.227,18.077,18.566,18.221,18.14,17.967,17.847,18.11,18.154,-3.52674347826086,589.0,324.0,2.0,5.0,9.0,229.0,135.0,173.0,2.0,639.307667018252
2019-04-05 10:00:00,18.309,18.282,18.656,18.413,18.177,18.005,17.83,18.174,18.275,-1.63958365384615,150.0,294.0,3.0,5.0,8.0,154.0,91.0,139.0,3.0,761.770791287772
2019-04-05 11:00:00,17.896,18.191,18.736,18.306,18.244,18.36,17.863,18.264,18.254,-0.314673933649288,147.0,247.0,2.0,4.0,9.0,39.0,27.0,25.0,2.0,830.482323242221
2019-04-05 12:00:00,17.904,18.179,19.214,18.361,18.383,17.749,17.805,18.516,18.834,0.954242180094787,359.0,177.0,3.0,5.0,8.0,2.0,3.0,3.0,3.0,748.268927293327
2019-04-05 13:00:00,18.066,18.125,19.46,18.609,18.552,18.642,17.895,18.849,19.245,0.655586124401913,565.0,30.0,2.0,5.0,9.0,3.0,2.0,2.0,2.0,646.7692303738161
2019-04-05 14:00:00,18.157,17.965,19.571,18.794,18.663,17.407,18.086,19.129,19.517,1.09678612440191,545.0,64.0,2.0,5.0,9.0,3.0,2.0,3.0,3.0,501.429170950997
2019-04-05 15:00:00,18.205,18.009,19.371,18.749,18.697,17.983,18.143,18.938,19.353,1.46870432692307,448.0,202.0,3.0,5.0,8.0,3.0,3.0,2.0,3.0,322.8355354588429
2019-04-05 16:00:00,18.087,18.09,19.08,18.615,18.597,18.071,18.125,18.647,19.112,0.921954502369669,1979.0,1914.0,297.0,424.0,1039.0,615.0,670.0,594.0,187.0,206.8407601297167
2019-04-05 17:00:00,21.044,20.941,20.343,19.848,20.168,20.835,20.574,20.675,20.279,0.906750243902439,1196.0,1229.0,2.0,154.0,1567.0,284.0,284.0,183.0,2.0,94.61021494413616
2019-04-05 18:00:00,20.816,21.055,20.274,19.804,20.52,21.251,20.412,20.383,20.109,-0.574304854368932,952.0,706.0,2.0,88.0,1441.0,133.0,219.0,124.0,2.0,5.526159216024256
2019-04-05 19:00:00,20.723,20.839,20.331,19.908,20.729,20.393,20.388,20.339,20.088,-0.968816990291261,953.0,674.0,2.0,105.0,966.0,118.0,201.0,130.0,2.0,0.0
2019-04-05 20:00:00,20.76,20.815,20.206,19.928,20.715,20.29,20.31,20.428,20.207,-0.701711165048544,920.0,672.0,2.0,219.0,238.0,238.0,247.0,184.0,2.0,0.0
2019-04-05 21:00:00,20.706,20.802,20.015,20.037,20.448,20.723,20.324,20.373,20.268,-0.78728309178744,894.0,671.0,38.0,370.0,9.0,270.0,246.0,239.0,2.0,0.0
2019-04-05 22:00:00,20.697,20.813,20.125,20.16,20.253,20.788,20.269,20.493,20.19,-1.01169375,1.0,2.0,2.0,5.0,8.0,3.0,3.0,2.0,2.0,0.0
2019-04-05 23:00:00,18.827,19.23,19.365,19.587,19.717,19.116,19.322,19.512,19.782,-2.05338443396226,0.0,1.0,2.0,4.0,8.0,2.0,2.0,2.0,2.0,0.0
2019-04-06 00:00:00,18.051,18.469,18.935,19.075,19.348,18.386,18.859,19.006,19.314,-2.2612287735849,1.0,1.0,2.0,3.0,8.0,2.0,2.0,2.0,2.0,0.0
2019-04-06 01:00:00,17.589,17.982,18.516,18.666,18.981,18.235,18.454,18.599,18.976,-2.20644575471698,13.0,1.0,2.0,4.0,9.0,2.0,1.0,2.0,2.0,0.0
2019-04-06 02:00:00,17.31,17.627,18.173,18.257,18.614,18.216,18.066,18.228,18.629,-1.94670471698113,250.0,1.0,2.0,4.0,8.0,2.0,2.0,2.0,2.0,0.0
2019-04-06 03:00:00,17.431,17.453,17.854,17.873,18.326,17.846,17.687,17.905,18.289,-1.96075829383886,454.0,57.0,1.0,4.0,9.0,2.0,2.0,2.0,2.0,0.0
2019-04-06 04:00:00,17.571,17.49,17.408,17.536,17.942,17.35,17.352,17.522,17.997,-1.90733349056604,436.0,142.0,2.0,38.0,8.0,20.0,100.0,53.0,3.0,0.0
2019-04-06 05:00:00,17.536,17.534,17.335,17.279,17.697,17.183,17.252,17.382,17.771,-1.84821047619047,1209.0,1033.0,547.0,547.0,687.0,484.0,643.0,552.0,392.0,0.0
2019-04-06 06:00:00,19.572,19.43,20.73,19.173,19.94,20.91,20.401,20.182,20.025,-1.64829852216748,1875.0,1829.0,423.0,499.0,1179.0,479.0,679.0,514.0,244.0,26.02051465324902
2019-04-06 07:00:00,21.019,20.992,20.252,19.851,20.255,21.067,20.622,20.509,19.918,-0.882751470588235,965.0,1091.0,53.0,198.0,1560.0,221.0,248.0,223.0,25.0,104.4067238816882
2019-04-06 08:00:00,20.712,21.02,20.315,19.965,20.757,20.204,20.266,20.608,20.111,0.611731372549019,946.0,651.0,2.0,13.0,1222.0,109.0,169.0,92.0,3.0,201.6106360646764
2019-04-06 09:00:00,20.73,20.689,20.318,20.202,20.722,20.315,20.281,20.507,20.254,2.37828468899521,949.0,698.0,2.0,5.0,335.0,202.0,159.0,103.0,2.0,238.6538341732899
2019-04-06 10:00:00,20.733,20.805,20.306,20.255,20.513,20.524,20.204,20.49,20.536,3.4073219047619,812.0,564.0,3.0,4.0,9.0,193.0,190.0,113.0,3.0,369.0326485981599
2019-04-06 11:00:00,20.73,20.757,20.75,20.47,20.561,20.494,20.349,20.644,20.634,5.30134637681158,717.0,462.0,2.0,5.0,8.0,52.0,43.0,16.0,2.0,604.083180057571
2019-04-06 12:00:00,20.66,20.667,21.041,20.69,20.64,20.12,20.238,20.587,20.752,7.67464380952381,719.0,447.0,2.0,4.0,9.0,67.0,2.0,2.0,3.0,382.972640095779
2019-04-06 13:00:00,20.673,20.666,21.031,20.702,20.662,20.348,20.149,20.542,20.707,7.67251999999999,684.0,541.0,3.0,5.0,8.0,69.0,48.0,24.0,2.0,343.5509984981827
2019-04-06 14:00:00,20.695,20.707,20.935,20.773,20.692,20.287,20.218,20.528,20.779,7.34239905213269,646.0,565.0,2.0,4.0,9.0,80.0,65.0,57.0,3.0,242.8994540658188
2019-04-06 15:00:00,20.595,20.706,20.903,20.65,20.64,20.54,20.218,20.602,20.939,6.45377761904761,670.0,541.0,2.0,5.0,8.0,43.0,41.0,4.0,3.0,283.8488955976628
2019-04-06 16:00:00,20.664,20.769,21.411,20.704,20.795,20.626,20.215,21.073,21.037,7.61403095238095,706.0,719.0,3.0,4.0,9.0,9.0,3.0,2.0,2.0,270.991453872935
2019-04-06 17:00:00,20.633,20.763,21.475,20.715,20.875,20.718,20.229,21.043,21.316,7.61147081339713,599.0,892.0,2.0,5.0,8.0,46.0,2.0,3.0,3.0,137.0147794470126
2019-04-06 18:00:00,20.545,20.863,20.97,20.559,20.891,19.794,20.171,20.685,21.103,6.40715781990521,572.0,899.0,2.0,4.0,8.0,135.0,152.0,2.0,2.0,3.305322806170519
2019-04-06 19:00:00,20.538,20.905,20.583,20.354,20.945,20.907,20.284,20.331,20.884,3.60779285714286,690.0,827.0,2.0,3.0,9.0,178.0,162.0,83.0,2.0,0.0
2019-04-06 20:00:00,20.571,20.873,20.489,20.167,20.77,20.208,20.333,20.333,20.739,3.42980523809523,718.0,793.0,2.0,80.0,8.0,161.0,170.0,126.0,2.0,0.0
2019-04-06 21:00:00,20.627,20.878,20.421,20.165,20.763,20.777,20.297,20.378,20.678,3.04186333333333,750.0,779.0,2.0,138.0,8.0,161.0,178.0,139.0,2.0,0.0
2019-04-06 22:00:00,20.651,20.87,20.272,20.178,20.68,20.601,20.229,20.328,20.561,3.07420143540669,1.0,2.0,1.0,4.0,8.0,2.0,2.0,2.0,2.0,0.0
2019-04-06 23:00:00,19.052,19.517,19.688,19.754,20.136,19.845,19.629,19.764,20.118,1.14101374407583,0.0,1.0,2.0,3.0,8.0,2.0,2.0,2.0,2.0,0.0
2019-04-07 00:00:00,18.417,18.838,19.324,19.442,19.819,19.23,19.222,19.377,19.835,-0.0330839622641508,1.0,1.0,2.0,4.0,9.0,3.0,2.0,2.0,2.0,0.0
2019-04-07 01:00:00,17.96,18.366,18.962,19.036,19.444,18.802,18.876,19.024,19.506,-1.03325165876777,0.0,1.0,2.0,4.0,8.0,2.0,2.0,2.0,2.0,0.0
2019-04-07 02:00:00,17.613,18.007,18.623,18.684,19.132,18.47,18.526,18.694,19.139,1.29095876777251,1.0,1.0,2.0,3.0,8.0,2.0,2.0,2.0,2.0,0.0
2019-04-07 03:00:00,17.332,17.721,18.312,18.391,18.828,18.179,18.201,18.344,18.851,1.47923301886792,81.0,1.0,2.0,4.0,9.0,2.0,1.0,2.0,2.0,0.0
2019-04-07 04:00:00,17.343,17.52,18.006,18.043,18.528,17.676,17.861,18.023,18.522,0.739068246445497,367.0,9.0,2.0,4.0,8.0,2.0,2.0,2.0,2.0,0.0
2019-04-07 05:00:00,17.579,17.517,17.753,17.731,18.336,18.131,17.558,17.757,18.19,-1.81826556603773,1216.0,981.0,567.0,421.0,656.0,393.0,499.0,446.0,341.0,0.0149383076424167
2019-04-07 06:00:00,19.665,19.235,20.587,19.396,20.053,21.055,20.256,20.27,20.093,-1.40781625615763,1822.0,1888.0,527.0,371.0,366.0,440.0,660.0,504.0,209.0,50.19795283373845
2019-04-07 07:00:00,20.947,20.871,20.417,19.901,20.189,21.046,20.544,20.601,20.057,0.0529696078431373,1033.0,1556.0,184.0,238.0,13.0,296.0,413.0,336.0,35.0,129.8911514556828
2019-04-07 08:00:00,20.744,21.135,20.375,20.161,20.291,20.952,20.362,20.595,20.13,2.22679130434782,750.0,979.0,2.0,152.0,9.0,254.0,245.0,235.0,2.0,251.5053804073798
2019-04-07 09:00:00,20.636,21.018,20.247,20.267,20.099,20.143,20.226,20.59,20.335,3.4177942583732,732.0,615.0,2.0,84.0,8.0,226.0,201.0,148.0,3.0,519.8751742354267
2019-04-07 10:00:00,20.73,20.878,20.768,20.659,20.33,20.759,20.377,20.722,20.515,5.60363043478261,616.0,393.0,3.0,4.0,9.0,154.0,100.0,52.0,2.0,695.0989177274311
2019-04-07 11:00:00,20.674,20.657,21.191,20.778,20.633,20.393,20.423,20.738,20.74,6.84230571428571,656.0,429.0,2.0,5.0,8.0,88.0,2.0,2.0,3.0,493.9765773347179
2019-04-07 12:00:00,20.646,20.69,21.114,20.85,20.567,20.599,20.267,20.681,20.845,7.08565144230769,642.0,445.0,2.0,4.0,8.0,6.0,3.0,3.0,2.0,594.620384881802
2019-04-07 13:00:00,20.658,20.702,21.797,21.167,20.973,20.584,20.468,21.26,21.57,9.64460758293839,608.0,340.0,3.0,4.0,9.0,3.0,2.0,2.0,3.0,601.386500586165
2019-04-07 14:00:00,20.628,20.65,22.393,21.296,21.128,21.243,20.603,22.104,22.402,9.56920805687203,635.0,280.0,2.0,5.0,8.0,3.0,2.0,3.0,2.0,555.017542893094
2019-04-07 15:00:00,20.614,20.602,22.924,21.649,21.632,21.569,21.038,22.79,22.981,11.0323516587677,661.0,246.0,2.0,4.0,9.0,3.0,3.0,2.0,3.0,508.950995878181
2019-04-07 16:00:00,20.634,20.541,23.148,21.878,21.873,21.582,21.451,23.294,23.417,11.042779620853,641.0,425.0,2.0,5.0,8.0,2.0,2.0,3.0,2.0,352.218153785829
2019-04-07 17:00:00,20.644,20.619,22.998,21.982,21.984,21.68,21.678,23.102,23.631,9.83013014354067,486.0,615.0,3.0,4.0,9.0,3.0,2.0,2.0,3.0,143.3356916201675
2019-04-07 18:00:00,20.46,20.743,22.248,21.655,21.783,21.607,21.627,22.55,23.113,6.70109759615384,455.0,614.0,2.0,4.0,8.0,2.0,2.0,2.0,2.0,5.647414073395874
2019-04-07 19:00:00,20.433,20.782,21.608,21.222,21.402,21.281,21.444,22.056,22.693,2.68858720379147,580.0,545.0,2.0,4.0,8.0,2.0,2.0,2.0,2.0,0.0
2019-04-07 20:00:00,20.536,20.738,21.163,20.836,21.188,20.812,21.141,21.651,22.256,1.45872809523809,704.0,459.0,2.0,3.0,9.0,2.0,1.0,2.0,2.0,0.0
2019-04-07 21:00:00,20.579,20.634,20.746,20.47,20.871,20.075,20.82,21.165,21.79,1.99858238095238,708.0,504.0,1.0,4.0,8.0,2.0,2.0,2.0,2.0,0.0
2019-04-07 22:00:00,20.64,20.703,20.423,20.221,20.544,20.956,20.434,20.84,21.406,1.49931761904761,0.0,2.0,2.0,3.0,8.0,2.0,2.0,2.0,2.0,0.0
2019-04-07 23:00:00,19.052,19.394,20.035,19.944,20.311,20.406,20.078,20.43,21.011,1.09427666666666,1.0,1.0,2.0,4.0,8.0,2.0,2.0,2.0,2.0,0.0
2019-04-08 00:00:00,18.474,18.806,19.723,19.6,19.994,19.38,19.732,19.983,20.603,0.605870142180094,0.0,1.0,2.0,3.0,8.0,3.0,2.0,2.0,2.0,0.0
2019-04-08 01:00:00,18.058,18.397,19.293,19.293,19.588,19.11,19.361,19.622,20.254,-0.327091469194312,1.0,1.0,2.0,4.0,9.0,2.0,1.0,2.0,2.0,0.0
2019-04-08 02:00:00,17.706,18.002,18.926,18.951,19.327,18.344,19.003,19.22,19.854,-1.08688349056603,0.0,1.0,2.0,4.0,8.0,2.0,2.0,2.0,2.0,0.0
2019-04-08 03:00:00,17.394,17.77,18.541,18.607,18.981,18.499,18.634,18.858,19.483,-1.62282843601895,47.0,1.0,1.0,4.0,9.0,2.0,2.0,2.0,2.0,0.0
2019-04-08 04:00:00,17.374,17.501,18.237,18.25,18.67,18.068,18.26,18.442,19.065,-1.85447971698113,260.0,13.0,2.0,3.0,8.0,2.0,2.0,2.0,2.0,0.0
2019-04-08 05:00:00,17.492,17.502,17.915,17.873,18.365,17.755,17.89,18.094,18.663,-1.99565260663507,1170.0,984.0,512.0,418.0,537.0,383.0,463.0,432.0,310.0,0.0
2019-04-08 06:00:00,19.664,19.438,20.549,19.24,19.931,20.716,20.268,20.251,20.17,-2.90254504950494,1002.0,948.0,215.0,262.0,489.0,263.0,340.0,273.0,107.0,17.64844584619708
2019-04-08 07:00:00,18.747,19.111,18.903,18.969,19.174,18.836,19.01,19.306,19.65,-3.409163507109,0.0,2.0,2.0,5.0,8.0,2.0,2.0,2.0,3.0,53.56460383810702
2019-04-08 08:00:00,17.868,18.247,18.484,18.528,18.651,17.808,18.398,18.617,19.065,-3.64062654028436,165.0,34.0,3.0,5.0,9.0,3.0,2.0,3.0,2.0,83.845450422722
2019-04-08 09:00:00,17.854,18.009,18.025,18.055,18.308,17.757,17.931,18.069,18.605,-3.81987156398104,445.0,271.0,2.0,5.0,8.0,65.0,61.0,44.0,3.0,76.89303788422849
2019-04-08 10:00:00,18.043,18.139,17.826,17.807,18.018,17.726,17.721,18.073,18.417,-3.80817380952381,397.0,253.0,2.0,77.0,9.0,205.0,164.0,125.0,3.0,104.1540986331836
2019-04-08 11:00:00,18.001,18.124,17.847,17.721,18.036,18.075,17.75,17.944,18.357,-3.65088904761904,489.0,289.0,3.0,222.0,9.0,211.0,181.0,151.0,2.0,68.4733858882318
2019-04-08 12:00:00,18.045,18.149,17.707,17.742,17.81,18.051,17.714,17.965,18.122,-3.84562047619047,498.0,334.0,2.0,296.0,8.0,195.0,197.0,196.0,3.0,64.2021168627785
2019-04-08 13:00:00,18.069,18.188,17.751,17.818,17.734,17.938,17.723,18.09,18.038,-3.98621913875598,489.0,341.0,2.0,346.0,9.0,177.0,197.0,200.0,2.0,83.1833524278399
2019-04-08 14:00:00,18.037,18.143,17.817,17.972,17.719,17.968,17.744,18.088,17.99,-3.51923809523809,475.0,353.0,3.0,347.0,8.0,178.0,199.0,191.0,3.0,120.1009188368971
2019-04-08 15:00:00,18.029,18.154,17.726,17.908,17.77,17.893,17.726,17.972,17.738,-3.33632057416268,488.0,359.0,2.0,393.0,9.0,191.0,211.0,216.0,3.0,51.18328064857269
2019-04-08 16:00:00,18.024,18.186,17.753,17.959,17.649,17.856,17.745,18.045,17.73,-3.30025240384615,2010.0,1903.0,700.0,664.0,1373.0,718.0,884.0,750.0,540.0,61.91437006290938
2019-04-08 17:00:00,20.957,20.772,20.173,19.544,20.06,21.081,20.516,20.481,20.129,-3.57347673267326,1215.0,1396.0,257.0,285.0,1574.0,366.0,412.0,322.0,121.0,20.992382782439527
2019-04-08 18:00:00,20.82,21.098,19.949,19.629,20.143,20.811,20.402,20.456,19.866,-3.63039901960784,906.0,775.0,15.0,262.0,1570.0,241.0,306.0,227.0,72.0,2.284539252526586
2019-04-08 19:00:00,20.56,20.789,20.139,19.77,20.54,20.722,20.357,20.412,19.804,-3.86580341463414,1044.0,666.0,2.0,230.0,1576.0,128.0,267.0,178.0,2.0,0.0
2019-04-08 20:00:00,20.679,20.735,20.163,19.9,20.71,20.55,20.336,20.348,19.837,-3.89697766990291,953.0,668.0,2.0,197.0,1233.0,133.0,231.0,160.0,2.0,0.0
2019-04-08 21:00:00,20.713,20.799,19.952,19.906,20.685,20.504,20.339,20.396,19.803,-3.88183203883495,919.0,648.0,1.0,198.0,776.0,170.0,281.0,206.0,2.0,0.0
2019-04-08 22:00:00,20.674,20.778,19.886,19.888,20.537,20.519,20.3,20.44,20.019,-3.80702912621359,0.0,1.0,2.0,4.0,10.0,3.0,3.0,2.0,2.0,0.0
2019-04-08 23:00:00,18.777,19.229,19.12,19.233,19.641,18.959,19.255,19.341,19.604,-3.74553443396226,1.0,1.0,2.0,4.0,9.0,2.0,2.0,2.0,2.0,0.0
2019-04-09 00:00:00,18.043,18.508,18.648,18.776,19.111,18.438,18.664,18.819,19.082,-3.73190663507109,0.0,2.0,2.0,4.0,8.0,2.0,2.0,2.0,2.0,0.0
2019-04-09 01:00:00,17.512,17.965,18.206,18.285,18.752,18.005,18.209,18.297,18.701,-3.77015071090047,35.0,1.0,2.0,4.0,9.0,2.0,1.0,2.0,2.0,0.0
2019-04-09 02:00:00,17.328,17.613,17.881,17.834,18.338,17.581,17.738,17.928,18.274,-3.73497264150943,345.0,5.0,2.0,3.0,8.0,2.0,2.0,2.0,2.0,0.0
2019-04-09 03:00:00,17.484,17.503,17.313,17.404,17.817,17.166,17.319,17.444,17.875,-3.7618962085308,526.0,67.0,1.0,102.0,9.0,46.0,148.0,83.0,2.0,0.0
2019-04-09 04:00:00,17.579,17.518,17.325,17.204,17.76,17.276,17.293,17.389,17.662,-3.69298571428571,500.0,155.0,2.0,242.0,8.0,178.0,216.0,147.0,2.0,0.0
2019-04-09 05:00:00,17.599,17.564,17.095,17.277,17.464,17.404,17.3,17.379,17.48,-3.6591937799043,1245.0,1040.0,566.0,645.0,728.0,563.0,655.0,568.0,414.0,0.901155751333086
2019-04-09 06:00:00,19.541,19.371,20.648,19.194,19.774,21.069,20.373,20.267,19.982,-3.56226435643564,1012.0,959.0,314.0,323.0,634.0,297.0,414.0,317.0,213.0,30.843960105909535
2019-04-09 07:00:00,18.545,18.934,18.591,18.751,18.805,18.693,18.765,18.986,19.119,-3.11054028436019,32.0,1.0,3.0,4.0,9.0,2.0,2.0,2.0,2.0,87.22388526885439
2019-04-09 08:00:00,17.844,18.092,18.189,18.253,18.342,17.82,18.054,18.224,18.516,-2.39187251184834,379.0,106.0,2.0,5.0,8.0,38.0,13.0,22.0,3.0,125.1993207876624
2019-04-09 09:00:00,17.931,17.938,17.881,18.007,18.147,17.531,17.703,17.939,18.214,-2.0285947368421,528.0,408.0,2.0,33.0,9.0,233.0,143.0,113.0,2.0,118.2602263945495
2019-04-09 10:00:00,18.05,18.159,17.791,17.752,17.784,17.915,17.797,17.989,18.201,-1.83983619047619,470.0,387.0,3.0,82.0,9.0,190.0,148.0,115.0,3.0,163.9360927851684
2019-04-09 11:00:00,18.03,18.177,17.938,17.878,17.851,17.857,17.778,18.108,18.174,-1.23263726415094,473.0,292.0,2.0,12.0,8.0,129.0,134.0,92.0,3.0,262.0223738329772
2019-04-09 12:00:00,18.051,18.149,17.925,17.838,17.858,17.778,17.763,17.994,18.139,-0.745302830188679,480.0,316.0,2.0,35.0,9.0,144.0,130.0,141.0,2.0,187.812419271302
2019-04-09 13:00:00,18.059,18.12,17.884,17.726,17.849,17.805,17.714,18.073,18.112,-0.982943127962086,479.0,378.0,3.0,134.0,8.0,149.0,146.0,149.0,3.0,151.58433908661812
2019-04-09 14:00:00,18.054,18.184,17.791,17.71,17.737,17.748,17.64,18.011,18.065,-1.7138956937799,484.0,372.0,2.0,173.0,9.0,149.0,159.0,156.0,2.0,143.769079688291
2019-04-09 15:00:00,18.042,18.172,17.873,17.907,17.728,17.822,17.716,18.073,17.959,-1.24894904761904,486.0,354.0,2.0,159.0,9.0,156.0,160.0,166.0,3.0,153.1622692274569
2019-04-09 16:00:00,18.044,18.164,17.672,17.692,17.598,17.827,17.635,17.954,17.903,-1.87280947867298,1999.0,1896.0,738.0,689.0,1333.0,700.0,861.0,742.0,519.0,35.81054540437907
2019-04-09 17:00:00,20.907,20.713,20.173,19.553,20.122,20.957,20.448,20.473,20.025,-2.21250297029703,1264.0,1419.0,193.0,291.0,1568.0,343.0,386.0,317.0,98.0,36.29960834856258
2019-04-09 18:00:00,20.743,21.026,19.937,19.637,20.287,20.817,20.381,20.458,19.911,-2.22847598039215,896.0,802.0,2.0,242.0,1563.0,232.0,290.0,216.0,42.0,6.343949018531262
2019-04-09 19:00:00,20.555,20.855,20.046,19.771,20.524,20.7,20.341,20.505,19.94,-2.5047687804878,1040.0,655.0,2.0,204.0,1543.0,199.0,225.0,142.0,2.0,0.0
2019-04-09 20:00:00,20.698,20.749,20.05,19.887,20.674,21.062,20.334,20.304,19.896,-2.54731310679611,971.0,653.0,2.0,173.0,1093.0,377.0,166.0,96.0,2.0,0.0
2019-04-09 21:00:00,20.682,20.756,19.994,19.883,20.616,21.207,20.205,20.336,19.957,-2.37085097087378,936.0,639.0,54.0,165.0,515.0,352.0,269.0,136.0,2.0,0.0
2019-04-09 22:00:00,20.658,20.762,20.037,19.821,20.502,21.144,20.324,20.275,20.093,-2.29728743961352,1.0,2.0,2.0,4.0,8.0,4.0,3.0,2.0,2.0,0.0
2019-04-09 23:00:00,18.751,19.198,19.2,19.279,19.613,19.15,19.293,19.391,19.618,-2.20424454976303,0.0,1.0,2.0,3.0,9.0,2.0,2.0,2.0,2.0,0.0
2019-04-10 00:00:00,18.054,18.487,18.775,18.832,19.243,18.682,18.785,18.876,19.191,-2.25142264150943,1.0,1.0,2.0,4.0,8.0,2.0,2.0,2.0,2.0,0.0
2019-04-10 01:00:00,17.556,17.952,18.424,18.338,18.965,18.25,18.378,18.52,18.889,-2.78163507109004,28.0,1.0,2.0,4.0,8.0,2.0,1.0,2.0,2.0,0.0
2019-04-10 02:00:00,17.306,17.581,17.991,17.935,18.451,17.788,17.908,18.054,18.447,-3.20702417061611,328.0,7.0,2.0,4.0,9.0,2.0,2.0,2.0,2.0,0.0
2019-04-10 03:00:00,17.468,17.544,17.503,17.542,17.931,17.374,17.519,17.672,18.105,-3.73498530805687,519.0,82.0,2.0,53.0,8.0,2.0,48.0,17.0,2.0,0.0
2019-04-10 04:00:00,17.598,17.514,17.26,17.24,17.651,17.056,17.201,17.398,17.742,-3.8009519047619,504.0,143.0,1.0,224.0,9.0,105.0,211.0,136.0,2.0,0.0
2019-04-10 05:00:00,17.557,17.496,17.113,17.256,17.524,17.278,17.266,17.413,17.608,-4.02038564593301,1246.0,1033.0,566.0,647.0,728.0,544.0,656.0,558.0,412.0,0.1442778842559229
2019-04-10 06:00:00,19.497,19.386,20.698,19.153,19.918,20.97,20.217,20.281,19.976,-5.20221970443349,1000.0,947.0,309.0,308.0,626.0,299.0,421.0,310.0,202.0,25.38473808489206
2019-04-10 07:00:00,18.456,18.889,18.524,18.637,18.726,18.596,18.765,19.019,19.191,-4.54437725118483,39.0,2.0,2.0,4.0,9.0,3.0,3.0,2.0,3.0,206.0588382346221
2019-04-10 08:00:00,17.798,18.007,18.83,18.938,18.663,18.201,18.388,18.555,18.811,-2.51031367924528,359.0,119.0,3.0,5.0,8.0,2.0,2.0,3.0,2.0,519.470566280788
2019-04-10 09:00:00,18.008,18.023,19.431,19.064,18.713,17.877,18.061,18.342,18.706,0.0170933014354065,202.0,397.0,2.0,5.0,9.0,3.0,2.0,2.0,3.0,677.414205453284
2019-04-10 10:00:00,17.901,18.194,19.579,19.384,18.777,18.05,18.159,18.454,18.788,1.8472173076923,0.0,321.0,2.0,4.0,8.0,3.0,3.0,3.0,2.0,813.530289958556
2019-04-10 11:00:00,17.738,18.157,19.813,19.293,18.991,18.32,18.295,18.652,19.075,3.90082857142857,1.0,216.0,3.0,5.0,9.0,2.0,2.0,2.0,3.0,872.176825413213
2019-04-10 12:00:00,17.681,18.092,20.151,19.371,19.14,18.582,18.626,19.253,19.6,4.30925876777251,7.0,174.0,2.0,4.0,8.0,3.0,2.0,3.0,3.0,870.5472212671291
2019-04-10 13:00:00,17.653,18.093,20.717,19.716,19.369,19.025,18.995,20.141,20.653,5.25457345971564,134.0,106.0,2.0,5.0,9.0,3.0,3.0,2.0,2.0,848.999901859334
2019-04-10 14:00:00,17.8,18.041,21.093,20.218,19.809,19.593,19.531,20.884,21.447,6.22001990521326,375.0,2.0,3.0,5.0,9.0,3.0,2.0,3.0,3.0,679.927509325783
2019-04-10 15:00:00,18.017,17.963,20.801,20.235,19.883,19.667,19.711,20.661,21.195,5.27874711538461,403.0,1.0,2.0,4.0,8.0,2.0,2.0,2.0,2.0,341.3471528640217
2019-04-10 16:00:00,18.025,17.888,20.393,19.992,19.756,19.39,19.616,20.268,20.898,4.17950476190476,1881.0,1903.0,2.0,5.0,465.0,393.0,260.0,92.0,3.0,182.7260224373152
2019-04-10 17:00:00,20.863,20.885,20.512,19.954,20.239,20.75,20.29,20.511,21.028,3.64998937198067,901.0,1269.0,3.0,5.0,433.0,230.0,180.0,45.0,2.0,102.4596277620731
2019-04-10 18:00:00,20.633,20.95,20.572,19.945,20.444,20.555,20.295,20.341,21.045,2.60958405797101,823.0,688.0,2.0,66.0,167.0,244.0,226.0,169.0,2.0,16.597390439976994
2019-04-10 19:00:00,20.627,20.819,20.213,19.849,20.26,20.629,20.304,20.368,20.747,0.305128985507246,939.0,648.0,2.0,325.0,11.0,232.0,225.0,212.0,2.0,0.0
2019-04-10 20:00:00,20.703,20.759,20.102,20.051,20.065,20.59,20.27,20.534,20.445,-2.13701262135922,865.0,696.0,1.0,391.0,8.0,233.0,227.0,222.0,2.0,0.0
2019-04-10 21:00:00,20.665,20.805,20.183,20.124,20.016,20.558,20.211,20.422,20.358,-1.24331545893719,826.0,712.0,2.0,438.0,9.0,238.0,244.0,247.0,2.0,0.0
2019-04-10 22:00:00,20.623,20.788,20.187,20.246,20.221,20.511,20.204,20.469,20.309,-1.54998985507246,1.0,1.0,2.0,5.0,8.0,2.0,2.0,2.0,2.0,0.0
2019-04-10 23:00:00,18.837,19.228,19.468,19.576,19.648,19.064,19.317,19.464,19.797,-2.13934103773585,0.0,1.0,2.0,4.0,8.0,2.0,2.0,2.0,2.0,0.0
2019-04-11 00:00:00,18.104,18.496,19.036,19.108,19.209,18.563,18.816,18.917,19.404,-3.381527014218,1.0,1.0,2.0,3.0,8.0,2.0,2.0,2.0,2.0,0.0
2019-04-11 01:00:00,17.624,18.005,18.528,18.616,18.862,18.23,18.395,18.493,19.042,-3.53832594339622,7.0,2.0,2.0,4.0,9.0,2.0,2.0,2.0,2.0,0.0
2019-04-11 02:00:00,17.276,17.608,18.069,18.165,18.461,17.834,17.989,18.137,18.648,-3.73699478672985,266.0,1.0,2.0,4.0,8.0,2.0,2.0,2.0,2.0,0.0
2019-04-11 03:00:00,17.461,17.476,17.63,17.745,18.075,17.405,17.55,17.7,18.179,-4.65663317535544,504.0,77.0,1.0,26.0,9.0,7.0,54.0,32.0,2.0,0.0
2019-04-11 04:00:00,17.598,17.514,17.415,17.292,17.818,17.1,17.228,17.42,17.831,-4.96591238095238,492.0,152.0,2.0,193.0,8.0,134.0,235.0,165.0,2.0,0.0
2019-04-11 05:00:00,17.618,17.544,17.213,17.228,17.555,17.357,17.357,17.439,17.625,-4.49203509615384,1255.0,1048.0,571.0,615.0,730.0,552.0,675.0,573.0,408.0,0.99881980809228
2019-04-11 06:00:00,19.573,19.45,20.59,19.134,19.887,21.035,20.31,20.349,19.926,-5.07820198019802,1009.0,955.0,316.0,319.0,617.0,305.0,428.0,314.0,202.0,25.73854921213895
2019-04-11 07:00:00,18.57,18.956,18.596,18.726,18.869,18.604,18.798,19.0,19.233,-3.149063507109,21.0,1.0,2.0,4.0,9.0,3.0,3.0,2.0,2.0,213.97752875580755
2019-04-11 08:00:00,17.867,18.133,18.926,19.01,18.737,18.216,18.324,18.427,18.789,-0.311719339622641,312.0,64.0,3.0,5.0,8.0,3.0,2.0,3.0,3.0,517.959177405565
2019-04-11 09:00:00,18.006,18.05,19.581,19.072,18.902,17.905,18.082,18.215,18.672,1.71629903846154,281.0,215.0,2.0,4.0,9.0,3.0,2.0,3.0,2.0,671.765850393433
2019-04-11 10:00:00,18.004,18.086,19.436,19.256,18.794,17.93,17.97,18.25,18.69,4.04551352657005,21.0,249.0,2.0,5.0,8.0,137.0,3.0,2.0,3.0,792.499756687206
2019-04-11 11:00:00,17.792,18.171,19.612,19.209,18.864,19.672,18.272,18.553,18.781,6.92590869565217,1.0,236.0,3.0,5.0,9.0,423.0,2.0,3.0,3.0,857.743083864186
2019-04-11 12:00:00,17.733,18.161,20.217,19.368,19.107,19.824,18.758,19.361,19.723,10.0069771428571,19.0,142.0,2.0,4.0,8.0,108.0,2.0,2.0,2.0,849.498698132114
2019-04-11 13:00:00,17.742,18.033,20.767,19.79,19.6,19.675,19.114,20.167,20.76,7.57788672985782,232.0,49.0,3.0,5.0,9.0,3.0,3.0,3.0,3.0,804.995601823681
2019-04-11 14:00:00,17.958,18.007,21.292,20.131,19.915,19.869,19.557,21.156,21.65,8.08457772511848,385.0,1.0,2.0,5.0,8.0,2.0,2.0,2.0,2.0,699.522809646042
2019-04-11 15:00:00,18.021,18.014,21.692,20.445,20.28,20.251,20.017,21.798,22.078,7.14660331753554,332.0,1.0,2.0,4.0,9.0,3.0,2.0,3.0,3.0,545.908912154532
2019-04-11 16:00:00,18.036,17.985,21.846,20.633,20.507,20.536,20.349,22.167,22.386,7.44684502369668,1829.0,1923.0,3.0,5.0,9.0,3.0,3.0,2.0,3.0,375.2236516869404
2019-04-11 17:00:00,21.028,20.932,21.811,20.702,20.648,20.613,20.55,22.055,22.623,6.67472850241546,687.0,1342.0,2.0,5.0,8.0,2.0,2.0,3.0,2.0,168.9589269954636
2019-04-11 18:00:00,20.527,21.09,21.083,20.478,20.473,20.427,20.442,21.429,22.076,4.22883632075471,632.0,870.0,2.0,15.0,9.0,53.0,9.0,2.0,2.0,6.714044283734531
2019-04-11 19:00:00,20.536,20.878,20.588,20.162,20.325,20.426,20.19,20.849,21.491,1.87256904761904,813.0,657.0,2.0,146.0,8.0,185.0,141.0,2.0,2.0,0.0
2019-04-11 20:00:00,20.696,20.807,20.361,20.12,20.282,20.737,20.223,20.454,21.261,0.877149038461538,887.0,577.0,2.0,211.0,8.0,203.0,199.0,80.0,2.0,0.0
2019-04-11 21:00:00,20.697,20.734,20.232,20.124,20.208,20.509,20.347,20.398,21.082,-1.15351057692307,862.0,657.0,2.0,267.0,9.0,193.0,204.0,134.0,2.0,0.0
2019-04-11 22:00:00,20.716,20.777,20.191,20.102,20.114,20.522,20.271,20.419,20.859,-1.84948894230769,1.0,1.0,1.0,4.0,8.0,2.0,3.0,2.0,2.0,0.0
2019-04-11 23:00:00,18.885,19.289,19.705,19.666,19.799,19.372,19.569,19.706,20.316,-1.9532,0.0,1.0,2.0,4.0,8.0,3.0,2.0,2.0,2.0,0.0
2019-04-12 00:00:00,18.238,18.632,19.249,19.165,19.529,18.951,19.138,19.278,19.908,-2.503863507109,1.0,1.0,2.0,4.0,8.0,2.0,1.0,2.0,2.0,0.0
2019-04-12 01:00:00,17.718,18.114,18.873,18.76,19.252,18.588,18.689,18.9,19.518,-3.51118443396226,0.0,1.0,2.0,3.0,9.0,2.0,2.0,2.0,2.0,0.0
2019-04-12 02:00:00,17.349,17.694,18.417,18.353,18.789,18.205,18.343,18.579,19.133,-2.87428530805687,118.0,1.0,2.0,4.0,8.0,2.0,2.0,2.0,2.0,0.0
2019-04-12 03:00:00,17.357,17.483,18.083,18.051,18.425,17.847,17.962,18.149,18.779,-1.97559478672985,402.0,22.0,2.0,4.0,9.0,2.0,2.0,2.0,2.0,0.0
2019-04-12 04:00:00,17.578,17.492,17.691,17.738,18.099,17.477,17.635,17.797,18.378,-1.5128146226415,411.0,123.0,1.0,4.0,8.0,2.0,2.0,2.0,2.0,0.0
2019-04-12 05:00:00,17.586,17.524,17.377,17.424,17.822,17.139,17.25,17.437,17.978,-1.32783649289099,1208.0,1040.0,549.0,460.0,684.0,440.0,625.0,519.0,350.0,1.7879267057077342
2019-04-12 06:00:00,19.649,19.416,20.612,19.168,20.11,21.005,20.375,20.368,19.962,-1.09489901477832,1016.0,962.0,265.0,275.0,526.0,275.0,399.0,301.0,133.0,58.32071002023629
2019-04-12 07:00:00,18.725,19.052,18.961,18.993,19.133,18.897,19.015,19.261,19.473,-0.043241232227488,0.0,1.0,3.0,4.0,8.0,2.0,3.0,3.0,2.0,131.8661685560585
2019-04-12 08:00:00,17.849,18.208,18.701,18.686,18.738,18.358,18.346,18.584,18.971,1.21070518867924,172.0,31.0,2.0,5.0,9.0,3.0,2.0,2.0,3.0,217.7271412772688
2019-04-12 09:00:00,17.895,17.95,18.708,18.74,18.705,17.839,18.169,18.4,18.821,3.32430849056603,389.0,171.0,2.0,5.0,8.0,3.0,2.0,3.0,5.0,366.2137062712617
2019-04-12 10:00:00,18.075,18.06,19.045,18.993,18.764,18.034,18.179,18.459,18.934,5.51471196172248,374.0,158.0,3.0,4.0,9.0,2.0,3.0,2.0,2.0,341.4111229109172
2019-04-12 11:00:00,18.043,18.043,18.794,18.787,18.679,17.666,18.118,18.278,18.763,6.45538333333334,343.0,245.0,2.0,5.0,8.0,3.0,2.0,3.0,3.0,91.8848802765749
2019-04-12 12:00:00,17.977,18.086,18.536,18.481,18.572,17.763,17.891,18.14,18.597,5.03721990521327,220.0,296.0,3.0,4.0,9.0,2.0,2.0,2.0,2.0,310.47327446607665
2019-04-12 13:00:00,17.871,18.139,18.814,18.661,18.58,17.918,18.046,18.309,18.789,7.71269478672985,242.0,243.0,2.0,5.0,8.0,3.0,2.0,3.0,3.0,328.1416313817793
2019-04-12 14:00:00,17.856,18.085,18.922,18.74,18.632,18.027,18.155,18.389,18.874,8.443,260.0,249.0,2.0,5.0,9.0,3.0,3.0,2.0,2.0,209.4313213726043
2019-04-12 15:00:00,17.827,18.095,18.739,18.668,18.628,18.182,18.024,18.241,18.728,7.56105952380952,363.0,251.0,3.0,4.0,8.0,3.0,2.0,3.0,3.0,177.7919206527065
2019-04-12 16:00:00,17.957,18.095,18.659,18.733,18.539,17.626,18.029,18.302,18.767,8.09872559241706,2013.0,1902.0,757.0,574.0,1291.0,712.0,851.0,776.0,445.0,129.5024371865981
2019-04-12 17:00:00,21.235,20.851,21.477,20.533,21.268,21.894,21.485,21.527,20.944,7.07992885572139,1699.0,1821.0,103.0,251.0,1405.0,354.0,384.0,292.0,47.0,26.78477686118825
2019-04-12 18:00:00,21.983,22.027,21.045,20.666,21.149,22.037,21.403,21.44,20.849,5.55356945812807,960.0,1180.0,2.0,166.0,1418.0,191.0,211.0,126.0,2.0,0.0
2019-04-12 19:00:00,21.675,21.948,21.034,20.854,21.575,21.402,21.316,21.442,20.861,4.05009708737863,921.0,875.0,2.0,136.0,834.0,136.0,210.0,117.0,2.0,0.0
2019-04-12 20:00:00,21.623,21.792,21.016,20.9,21.567,20.995,21.292,21.354,21.255,3.41451990291262,1017.0,743.0,101.0,157.0,163.0,261.0,251.0,169.0,2.0,0.0
2019-04-12 21:00:00,21.687,21.744,21.15,20.96,21.393,21.308,21.291,21.353,21.136,3.23076456310679,296.0,12.0,3.0,4.0,8.0,2.0,3.0,2.0,2.0,0.0
2019-04-12 22:00:00,20.423,20.408,20.579,20.48,21.053,20.219,20.497,20.64,20.827,3.18653523809523,803.0,347.0,2.0,29.0,9.0,21.0,21.0,17.0,2.0,0.0
2019-04-12 23:00:00,20.592,20.55,20.317,20.206,20.629,20.287,20.237,20.37,20.629,3.3485928229665,769.0,581.0,1.0,160.0,8.0,134.0,173.0,108.0,2.0,0.0
2019-04-13 00:00:00,20.641,20.698,20.302,20.239,20.551,20.266,20.222,20.382,20.643,3.30735406698564,745.0,563.0,2.0,225.0,8.0,180.0,173.0,128.0,2.0,0.0
2019-04-13 01:00:00,20.555,20.692,20.161,20.218,20.4,20.493,20.149,20.351,20.437,2.98540432692307,755.0,570.0,2.0,270.0,8.0,165.0,185.0,168.0,2.0,0.0
2019-04-13 02:00:00,20.574,20.699,20.09,20.296,20.26,20.137,20.21,20.459,20.432,2.7636918660287,764.0,587.0,5.0,286.0,9.0,162.0,187.0,178.0,2.0,0.0
2019-04-13 03:00:00,20.601,20.722,20.069,20.313,20.197,20.284,20.141,20.434,20.242,2.25523253588516,761.0,594.0,25.0,324.0,8.0,171.0,196.0,182.0,2.0,0.0
2019-04-13 04:00:00,20.586,20.714,20.08,20.328,20.183,20.454,20.208,20.469,20.255,1.55955144230769,764.0,591.0,39.0,355.0,8.0,181.0,209.0,195.0,2.0,0.0
2019-04-13 05:00:00,20.631,20.717,20.107,20.348,20.153,20.376,20.202,20.457,20.167,0.19143961352657,775.0,596.0,16.0,355.0,9.0,187.0,211.0,200.0,3.0,2.212798833173494
2019-04-13 06:00:00,20.621,20.715,20.036,20.403,20.134,20.571,20.197,20.477,20.029,-0.155307692307692,1418.0,1526.0,320.0,387.0,564.0,408.0,532.0,450.0,238.0,46.3726653889281
2019-04-13 07:00:00,21.874,22.056,21.063,21.036,21.147,21.451,21.392,21.547,21.155,1.71440931372548,809.0,893.0,22.0,85.0,452.0,140.0,241.0,224.0,17.0,199.0390928089222
2019-04-13 08:00:00,21.591,21.842,21.206,21.206,21.321,21.484,21.226,21.489,21.064,6.72545865384615,811.0,667.0,4.0,17.0,27.0,178.0,171.0,192.0,3.0,387.7498704782431
2019-04-13 09:00:00,21.634,21.717,22.097,21.61,21.469,21.431,21.257,21.525,21.335,9.51079126213592,610.0,709.0,2.0,4.0,8.0,164.0,53.0,116.0,2.0,668.676825583271
2019-04-13 10:00:00,21.577,21.8,22.328,22.047,21.673,21.427,21.27,21.582,21.437,11.5997323671497,449.0,573.0,2.0,4.0,9.0,56.0,3.0,40.0,3.0,763.584525110531
2019-04-13 11:00:00,21.486,21.724,22.486,21.962,21.805,21.215,21.134,21.586,21.613,11.7687219047619,458.0,521.0,3.0,4.0,8.0,3.0,2.0,3.0,2.0,807.822366052966
2019-04-13 12:00:00,21.478,21.648,22.811,22.091,21.955,21.273,21.378,21.927,22.097,12.0430504761904,526.0,409.0,2.0,4.0,8.0,2.0,2.0,2.0,3.0,833.338557642597
2019-04-13 13:00:00,21.447,21.572,23.348,22.415,22.221,21.806,21.698,22.707,23.149,12.2520933649289,639.0,265.0,2.0,4.0,8.0,3.0,3.0,3.0,2.0,796.375669538925
2019-04-13 14:00:00,21.505,21.544,23.928,22.762,22.615,22.197,22.008,23.577,23.944,13.0687263157894,649.0,254.0,3.0,4.0,8.0,3.0,2.0,2.0,3.0,676.8251067644001
2019-04-13 15:00:00,21.538,21.504,24.238,23.072,22.919,22.614,22.498,24.182,24.378,13.5348071770334,625.0,312.0,2.0,5.0,9.0,2.0,2.0,3.0,2.0,518.66318635228
2019-04-13 16:00:00,21.528,21.508,24.089,23.232,23.094,22.851,22.76,24.212,24.449,13.9281719047619,603.0,537.0,2.0,4.0,8.0,3.0,2.0,2.0,3.0,270.0490375949467
2019-04-13 17:00:00,21.507,21.576,23.625,23.064,22.983,22.651,22.806,23.665,24.178,12.1314914285714,534.0,650.0,3.0,4.0,8.0,2.0,2.0,3.0,2.0,80.6091254598386
2019-04-13 18:00:00,21.449,21.687,23.059,22.665,22.734,22.396,22.588,23.225,23.786,10.3312038095238,584.0,560.0,2.0,4.0,9.0,2.0,2.0,2.0,3.0,9.706608017230094
2019-04-13 19:00:00,21.53,21.677,22.662,22.325,22.531,22.203,22.456,22.847,23.46,8.77468277511962,653.0,511.0,1.0,3.0,8.0,3.0,2.0,2.0,2.0,0.0
2019-04-13 20:00:00,21.522,21.643,22.29,22.017,22.369,21.929,22.187,22.522,23.137,8.6443280952381,707.0,509.0,2.0,3.0,8.0,2.0,1.0,2.0,2.0,0.0
2019-04-13 21:00:00,21.576,21.62,22.003,21.808,22.202,21.664,21.895,22.181,22.805,7.23090999999999,45.0,1.0,2.0,4.0,8.0,2.0,2.0,2.0,2.0,0.0
2019-04-13 22:00:00,20.229,20.438,21.656,21.515,21.892,21.356,21.573,21.811,22.446,5.46942938388625,435.0,165.0,2.0,3.0,8.0,2.0,2.0,2.0,2.0,0.0
2019-04-13 23:00:00,20.45,20.469,21.334,21.231,21.639,21.058,21.302,21.528,22.175,3.07858341232227,574.0,417.0,2.0,3.0,8.0,2.0,2.0,2.0,2.0,0.0
2019-04-14 00:00:00,20.55,20.641,21.054,20.899,21.42,20.744,20.916,21.14,21.765,1.98066919431279,561.0,456.0,2.0,4.0,8.0,2.0,1.0,2.0,2.0,0.0
2019-04-14 01:00:00,20.476,20.636,20.673,20.629,21.071,20.444,20.572,20.764,21.379,1.66994428571428,597.0,461.0,1.0,3.0,8.0,2.0,2.0,2.0,2.0,0.0
2019-04-14 02:00:00,20.537,20.667,20.398,20.389,20.834,19.994,20.289,20.4,21.02,1.02675952380952,629.0,478.0,2.0,35.0,9.0,51.0,133.0,84.0,2.0,0.0
2019-04-14 03:00:00,20.513,20.644,20.24,20.215,20.631,20.298,20.312,20.325,20.841,0.78256,665.0,497.0,2.0,158.0,8.0,139.0,205.0,140.0,2.0,0.0
2019-04-14 04:00:00,20.597,20.681,20.235,20.225,20.592,20.276,20.281,20.316,20.719,0.169910628019323,687.0,529.0,2.0,254.0,8.0,216.0,208.0,159.0,2.0,0.0
2019-04-14 05:00:00,20.591,20.702,20.171,20.218,20.499,20.39,20.245,20.344,20.56,-0.0211038647342994,692.0,536.0,2.0,270.0,8.0,189.0,216.0,189.0,2.0,6.266411978555717
2019-04-14 06:00:00,20.574,20.702,20.132,20.279,20.373,20.063,20.203,20.36,20.343,0.467615789473683,1363.0,1412.0,284.0,394.0,524.0,402.0,547.0,467.0,189.0,69.886462523446
2019-04-14 07:00:00,21.817,21.991,21.125,21.102,21.265,22.106,21.397,21.533,21.001,2.71555637254902,738.0,801.0,27.0,92.0,229.0,185.0,263.0,262.0,7.0,234.27351802521736
2019-04-14 08:00:00,21.56,21.833,21.596,21.542,21.316,21.765,21.266,21.605,21.268,4.42746570048309,776.0,582.0,2.0,4.0,8.0,158.0,221.0,200.0,3.0,511.953412718755
2019-04-14 09:00:00,21.594,21.619,21.676,21.651,21.43,21.465,21.324,21.529,21.342,6.6242927184466,639.0,737.0,2.0,4.0,8.0,171.0,75.0,136.0,2.0,615.467691830451
2019-04-14 10:00:00,21.601,21.81,22.081,21.93,21.559,21.039,21.282,21.582,21.467,8.68504541062802,484.0,622.0,3.0,4.0,8.0,120.0,2.0,39.0,3.0,542.8034791919661
2019-04-14 11:00:00,21.464,21.756,22.018,21.973,21.604,21.379,21.217,21.601,21.588,8.25896310679611,574.0,571.0,2.0,4.0,9.0,40.0,2.0,2.0,3.0,472.22957299144497
2019-04-14 12:00:00,21.506,21.715,22.179,21.921,21.69,21.07,21.272,21.548,21.717,9.30470869565217,591.0,525.0,2.0,5.0,8.0,3.0,3.0,3.0,2.0,444.6479283348806
2019-04-14 13:00:00,21.511,21.668,22.344,22.041,21.832,21.275,21.28,21.688,22.084,8.69595314009662,590.0,497.0,2.0,4.0,8.0,2.0,2.0,2.0,3.0,479.0388207900453
2019-04-14 14:00:00,21.475,21.697,22.4,22.048,21.916,21.116,21.3,21.839,22.137,8.33080821256038,619.0,495.0,3.0,4.0,9.0,3.0,2.0,3.0,2.0,311.2307604700311
2019-04-14 15:00:00,21.505,21.638,22.022,21.993,21.838,21.065,21.274,21.545,21.956,7.4148995215311,638.0,578.0,2.0,4.0,8.0,54.0,14.0,15.0,3.0,141.8274593834623
2019-04-14 16:00:00,21.524,21.662,21.662,21.642,21.65,21.542,21.225,21.424,21.884,6.63500047619048,706.0,704.0,2.0,4.0,8.0,180.0,104.0,90.0,2.0,74.1972753938611
2019-04-14 17:00:00,21.574,21.748,21.468,21.369,21.485,21.413,21.278,21.389,21.753,6.01437632850242,715.0,647.0,3.0,7.0,8.0,171.0,121.0,129.0,3.0,20.90691639519754
2019-04-14 18:00:00,21.564,21.769,21.222,21.086,21.295,21.18,21.214,21.418,21.657,4.50900909090909,743.0,575.0,2.0,163.0,8.0,169.0,149.0,159.0,2.0,0.0
2019-04-14 19:00:00,21.577,21.698,21.101,21.126,21.251,21.385,21.178,21.452,21.459,2.36496618357488,777.0,571.0,1.0,241.0,8.0,173.0,169.0,171.0,2.0,0.0
2019-04-14 20:00:00,21.626,21.707,21.096,21.204,21.192,21.494,21.172,21.42,21.499,1.52015169082125,796.0,608.0,4.0,302.0,8.0,181.0,187.0,181.0,2.0,0.0
2019-04-14 21:00:00,21.64,21.716,21.111,21.261,21.204,21.607,21.181,21.479,21.279,1.28027149758454,72.0,11.0,2.0,4.0,8.0,2.0,2.0,2.0,2.0,0.0
2019-04-14 22:00:00,20.247,20.446,20.543,20.698,20.818,20.402,20.523,20.72,20.978,1.77063981042654,522.0,243.0,1.0,3.0,8.0,8.0,7.0,8.0,2.0,0.0
2019-04-14 23:00:00,20.474,20.518,20.222,20.286,20.537,19.837,20.107,20.301,20.685,1.50993952380952,630.0,448.0,2.0,138.0,9.0,123.0,178.0,118.0,2.0,0.0
2019-04-15 00:00:00,20.53,20.604,20.073,20.171,20.388,20.145,20.174,20.27,20.512,1.60104354066985,609.0,503.0,2.0,240.0,8.0,167.0,191.0,125.0,2.0,0.0
